{"s": 0.9929147626432749, "R": [[0.1986410328791488, 0.9768563965220747, -0.07933045210139711], [0.9800677257565742, -0.1982359753281686, 0.013028853212251487], [-0.002998830945809973, -0.08033728063356955, -0.9967632258231448]], "T": [383.1725534879674, -48.6551301888627, 371.7728624437985]}